column,chi2,p_value,dof,n,cramers_v
priority,0.31052478013243395,0.8561904921273763,2,44915,0.0026293743952075944
type,0.8127917317556583,0.8464050369316108,3,44915,0.004253965236433847
queue,2.6062192919577085,0.9778890776991176,9,44915,0.007617452865260346
version,8.008450037039612,0.018238418219476808,2,44915,0.013352990290788062
