priority,full_count,en_count,full_pct,en_pct,abs_pct_diff,rel_pct_diff
Medium,11512,6616,0.4027991602519244,0.40501989592898685,0.0022207356770624354,0.0055132579612964215
High,11175,6345,0.39100769769069277,0.3884297520661157,-0.0025779456245770827,-0.006593081516815483
Low,5893,3374,0.2061931420573828,0.20655035200489746,0.00035720994751467505,0.0017324045986712054
